user_id,project_id
394c9951-7ebb-4b8e-a2d2-bc88198acefe,6fea28ce-19a8-43f6-90c6-06b95adc0f69
394c9951-7ebb-4b8e-a2d2-bc88198acefe,aa87d054-90ef-4a79-9c5b-d3b208d30a53
a51742ff-3edf-42fa-af01-a50ea9e5cfd4,6fea28ce-19a8-43f6-90c6-06b95adc0f69
a51742ff-3edf-42fa-af01-a50ea9e5cfd4,aa87d054-90ef-4a79-9c5b-d3b208d30a53
a27844e1-5688-4b12-b051-b07ed914615b,6fea28ce-19a8-43f6-90c6-06b95adc0f69
a27844e1-5688-4b12-b051-b07ed914615b,aa87d054-90ef-4a79-9c5b-d3b208d30a53
92eaa13d-a2e1-43e0-8713-c2aa2247dc88,6fea28ce-19a8-43f6-90c6-06b95adc0f69
92eaa13d-a2e1-43e0-8713-c2aa2247dc88,aa87d054-90ef-4a79-9c5b-d3b208d30a53
f2d36da7-aa35-4fcc-9866-b693822b6748,6fea28ce-19a8-43f6-90c6-06b95adc0f69
f2d36da7-aa35-4fcc-9866-b693822b6748,aa87d054-90ef-4a79-9c5b-d3b208d30a53
